<?xml version="1.0" encoding="utf-8"?><feed xmlns="http://www.w3.org/2005/Atom" ><generator uri="https://jekyllrb.com/" version="4.3.3">Jekyll</generator><link href="/feed.xml" rel="self" type="application/atom+xml" /><link href="/" rel="alternate" type="text/html" /><updated>2024-09-09T18:27:45-04:00</updated><id>/feed.xml</id><title type="html">Lucy and Vera Marriage Celebration</title><subtitle>Lucy and Vera are getting married! Yay!</subtitle><entry><title type="html">FAQs</title><link href="/jekyll/update/2024/09/09/FAQs.html" rel="alternate" type="text/html" title="FAQs" /><published>2024-09-09T15:33:25-04:00</published><updated>2024-09-09T15:33:25-04:00</updated><id>/jekyll/update/2024/09/09/FAQs</id><content type="html" xml:base="/jekyll/update/2024/09/09/FAQs.html"><![CDATA[<h2 id="logistics">Logistics</h2>
<h1 id="where">Where</h1>
<p>61 S Fairfield Rd (Vera’s mom’s house)
Greenville, SC 29605</p>
<h1 id="when">When</h1>
<p>5 October 2024
6:00pm - ???
(Ceremony 6:45 - 7:15pm)</p>
<h1 id="apparel">Apparel</h1>
<p>Jeans or nicer. Don’t worry about it!</p>
<h1 id="parking">Parking</h1>
<p>There will <strong>likely</strong> be parking at 54/59/61 S Fairfield Rd. Certainly at Vera’s mom’s house, but that’s somewhat limited. 
We ask that you help us with this by carpooling or ridesharing if possible. Let us know on the RSVP form if you’ll be parking here and we’ll text you updates.</p>]]></content><author><name></name></author><category term="jekyll" /><category term="update" /><summary type="html"><![CDATA[Logistics Where 61 S Fairfield Rd (Vera’s mom’s house) Greenville, SC 29605 When 5 October 2024 6:00pm - ??? (Ceremony 6:45 - 7:15pm) Apparel Jeans or nicer. Don’t worry about it! Parking There will likely be parking at 54/59/61 S Fairfield Rd. Certainly at Vera’s mom’s house, but that’s somewhat limited. We ask that you help us with this by carpooling or ridesharing if possible. Let us know on the RSVP form if you’ll be parking here and we’ll text you updates.]]></summary></entry></feed>